first_name,last_name,phone,role
Dakila,Abad,218-7812,none
Rochelle,Abad,629-5780,none
Sherilyn,Abad,339-3300,none
Ysabel,Abad,673-8889,none
Josefa,Abella,289-4891,none
Cristina,Abrigo,965-5050,none
Bayani,Agbayani,422-2252,none
Bing,Agbayani,209-4938,none
Junjun,Agbayani,777-2615,none
Rovilson,Aguilar,377-3287,none
Divine,Agustin,100-4239,none
Drexler,Alcantara,724-2248,none
Renz,Alcantara,017-8673,none
Carmen,Alejandro,268-3534,none
Elton,Alejandro,366-3898,none
Leizel,Alejandro,725-8751,none
Leni,Alejandro,216-3113,none
Queenie,Alejandro,270-8791,none
Mabel,Almario,178-4347,none
Rosa,Almario,095-4820,none
Sergio,Almario,377-5427,none
Tessie,Almario,006-8719,none
Christian,Alonzo,262-3533,none
Roel,Alonzo,470-1275,none
Rustom,Alonzo,767-8837,none
Ivy,Alvarez,636-2496,none
Donabel,Amurao,869-5620,none
Vergel,Amurao,092-6442,none
Dolores,Andrada,759-4506,none
Jerico,Andrada,675-3164,none
Reyland,Andrada,183-5442,none
Donabel,Angara,753-3048,none
Edgardo,Angeles,996-9975,none
Maria,Angeles,118-4279,none
Queenie,Angeles,755-3232,none
Arnel,Antonio,972-4051,none
Dranreb,Antonio,343-7034,none
Jessa,Aquino,824-5168,none
Kristine,Aquino,237-4720,none
Laarni,Aquino,460-4305,none
Roi,Aranas,129-1101,none
Gloria,Araneta,566-6870,none
Vener,Araneta,129-8229,none
Pablo,Arceo,879-7711,none
Toto,Arceo,092-0920,none
Ivy,Arriola,323-5080,none
Ronnie,Arriola,744-5776,none
Elvis,Asuncion,360-8945,none
Jinky,Asuncion,411-7191,none
Jose,Asuncion,747-7527,none
Juliet,Asuncion,003-5464,none
Rustom,Asuncion,650-6338,none
Antonio,Atienza,332-0919,none
Christopher,Atienza,971-9449,none
Vener,Ayala,995-5642,none
Andres,Bagayas,805-5464,none
Roxanne,Bagayas,172-9402,none
Rubylyn,Bagayas,570-4082,none
Claudine,Bagsic,159-2579,none
Ranilo,Bagsic,583-9204,none
Ronald,Bagsic,208-4375,none
Reymark,Balagtas,405-8224,none
Nanette,Balatbat,511-9287,none
Ronnie,Balatbat,464-2161,none
Florendo,Baldoza,983-8320,none
Jea,Baldoza,593-8883,none
Justine,Baldoza,828-7728,none
Rubylyn,Baldoza,575-6761,none
Arnel,Balingit,971-6520,none
Jamila,Balingit,583-5747,none
Mabel,Balingit,022-2420,none
Odette,Balingit,632-7916,none
Dolores,Baluyot,848-8972,none
Jhoana,Baluyot,683-1936,none
Ming,Baluyot,407-4520,none
Shiela,Baluyot,089-4583,none
Donabel,Banaag,487-7344,none
Jessa,Baraquia,927-0514,none
Jewel,Baraquia,724-2474,none
Luzviminda,Baraquia,307-0732,none
Milagros,Baraquia,353-3950,none
Romeo,Baraquia,480-7245,none
Bogart,Batac,956-7734,none
Estelita,Batac,543-9228,none
Jamila,Batac,849-9080,none
Esperanza,Batungbakal,061-2718,none
Maria,Batungbakal,526-3899,none
Arnel,Bautista,192-9626,none
Dennis,Bautista,550-3492,none
Nesty,Bautista,382-6481,none
Ronilo,Bautista,920-1323,none
Ryzza,Bautista,017-9623,none
Flordeliza,Bayani,480-4342,none
Jonel,Bayani,022-1056,none
Rustan,Bayani,144-3696,none
Neneng,Belmonte,939-9243,none
Dexter,Beltran,335-4843,none
Kenneth,Beltran,256-3216,none
Rigor,Beltran,440-9870,none
Ompong,Bernardo,699-8835,none
Angelo,Binay,658-7022,none
Christian,Bonghanoy,749-7962,none
Honey,Bonghanoy,247-6658,none
Leni,Bonghanoy,254-1940,none
Orland,Bonghanoy,790-4839,none
Rowel,Bonghanoy,594-1565,none
Jea,Bonifacio,918-1646,none
Mercy,Bonifacio,449-1923,none
Neneng,Buenaventura,447-1734,none
Carmen,Buenavista,851-1398,none
Drexler,Buenavista,161-4984,none
Ferdie,Buenavista,728-4066,none
Tintin,Buenavista,920-8361,none
Amboy,Cabahug,948-3872,none
Apolinario,Cabahug,223-3811,none
Araw,Cabahug,415-6213,none
Benigno,Cabahug,649-6939,none
Noli,Cabahug,548-3120,none
Jocelyn,Cabrera,473-1669,none
Elmer,Cachero,403-6114,none
Orland,Cachero,367-5635,none
Baby,Cadiz,641-7529,none
Bimbo,Cadiz,447-3803,none
Neneng,Cadiz,702-6018,none
Rodel,Cadiz,812-1874,none
Rodrigo,Cadiz,778-1646,none
Kaye,Calderon,852-3180,none
Maria,Calderon,895-7213,none
Dexter,Calma,320-6022,none
Jhoana,Calma,149-4193,none
Rosanna,Calma,830-5626,none
Toto,Calma,893-0200,none
Liwayway,Camposano,210-8680,none
Michelle,Camposano,591-8313,none
Aldrin,Canonizado,797-6965,none
Gloria,Canonizado,940-1578,none
Rowel,Canonizado,138-4991,none
Arman,Capistrano,610-7119,none
Claudine,Capistrano,787-4067,none
Erap,Capistrano,630-9614,none
Jerico,Capistrano,358-9113,none
Bonifacio,Carbonell,856-8189,none
Esperanza,Carbonell,866-8622,none
Ricardo,Carbonell,794-4720,none
Allan,Cariaga,077-2442,none
Ana,Cariaga,951-5947,none
Wilma,Cariaga,586-1871,none
Jerome,Carino,472-1924,none
Kimberly,Carino,414-0341,none
Noel,Carino,780-4564,none
Yolanda,Carino,353-7043,none
Jose,Casimiro,911-1753,none
Ronald,Casimiro,696-3365,none
Jewel,Castro,738-3155,none
Lovely,Castro,760-8779,none
Nova,Castro,514-0862,none
Rayver,Castro,964-9333,none
Rosario,Castro,253-3681,none
Erwin,Catapang,012-1010,none
Honey,Catapang,971-7450,none
Ambrosio,Cayabyab,951-2588,none
Bing,Cayabyab,530-2507,none
Erwin,Cayabyab,603-6291,none
Zaldy,Cayabyab,291-1374,none
Benigno,Cayetano,759-6897,none
Cherrie,Cayetano,995-5194,none
Jhun,Cayetano,484-1874,none
Jinggoy,Cayetano,805-9250,none
Juan,Cayetano,640-4961,none
Nova,Cayetano,767-4403,none
May,Ceballos,899-9032,none
Gregorio,Centeno,443-8238,none
Jenina,Centeno,202-6563,none
Chesca,Chico,607-3705,none
Dexter,Chico,089-3070,none
Trinidad,Chua,871-8261,none
Virgie,Chua,652-6461,none
Wilhelmina,Clemente,884-1143,none
Arman,Cojuangco,730-5456,none
Christopher,Cojuangco,154-3788,none
Eufrocina,Cojuangco,039-4700,none
Jasmine,Cojuangco,782-4186,none
Lea,Cojuangco,391-2181,none
Pao,Cojuangco,429-3267,none
Donita,Coloma,046-0609,none
Gina,Coloma,737-8954,none
Jose,Coloma,252-9197,none
Kim,Coloma,191-5154,none
Rosa,Coloma,432-3006,none
Ysabel,Coloma,335-5218,none
Cesar,Corpuz,758-0502,none
Apolinario,Corral,869-9954,none
Jenina,Cruz,016-4272,none
Jocelyn,Cruz,728-5277,none
Manuel,Cuenca,807-9764,none
Remedios,Custodio,307-6167,none
Tintin,Custodio,457-8824,none
Bimbo,Dacanay,152-9221,none
Jinky,Dacanay,006-6718,none
Vicky,Dacanay,980-1013,none
Dolly,Dalisay,642-2621,none
Ivan,Dalisay,382-2646,none
Jovit,Dalisay,389-2527,none
Odette,Dalisay,703-7770,none
Ompong,Dalisay,166-2962,none
Diwata,Damasco,108-2693,clue
Erap,Damasco,079-4846,none
Jasmine,Damasco,672-7900,none
Tessie,Damasco,194-4861,none
Bogart,Dandan,983-1625,none
Cherry,Dandan,002-6693,none
Christopher,Dandan,245-2847,none
Emilio,Dandan,749-7157,none
Honey,Dantes,510-8433,none
Josefa,Dantes,806-1771,none
Leizel,Dantes,895-4489,none
Almira,David,508-5680,none
Donabel,David,987-5096,none
Jhonel,David,999-2900,none
Maria,David,748-7518,none
Nesty,David,379-5820,none
Ferdinand,De Guzman,335-8525,none
Leni,De Guzman,165-5286,none
Bonifacio,De Jesus,445-4521,none
Mila,De Jesus,662-0725,none
Noel,De Jesus,620-9949,none
Ronilo,De Jesus,710-4906,none
Orland,De La Paz,142-4405,none
Rowena,De La Paz,750-5770,none
Fidel,De Leon,674-9914,none
Grace,De Leon,179-1293,none
Mabini,De Leon,820-7538,none
Shiela,De Leon,536-6229,none
Ivan,De Ocampo,616-2504,none
Mila,De Ocampo,180-3875,none
Arman,De Vera,427-2880,none
Arnel,De Vera,481-8502,none
Cherry,Del Rosario,974-8095,none
Elmer,Del Rosario,746-0029,none
Jeddah,Del Rosario,823-8486,none
Dranreb,Dela Cruz,550-6439,none
Vicky,Dela Cruz,519-1743,none
Antonio,Delos Santos,279-5062,none
Loida,Delos Santos,973-3509,none
Mabini,Diaz,499-3475,none
Marlon,Dimaandal,988-0841,none
Tintin,Dimaandal,938-8882,none
Christopher,Dimaculangan,070-9749,none
Gwyneth,Dimaculangan,655-7080,none
Juliet,Dimapilis,959-1848,none
Dolly,Dionisio,019-7225,none
Rechel,Dionisio,096-1588,none
Elmer,Dizon,430-6211,none
Gwyneth,Dizon,221-7933,none
Susan,Dizon,980-4038,none
Rustom,Domingo,376-9345,none
Wilma,Domingo,927-5724,none
Mabini,Duque,468-1867,none
Estelita,Duran,616-8341,none
Jerome,Duran,150-0400,none
Edgardo,Duterte,811-2275,none
Froilan,Duterte,820-9906,none
Glenda,Duterte,135-8837,none
Jenina,Duterte,836-7541,none
Toto,Duterte,125-2223,none
Cherry,Eleazar,139-9579,none
Virgie,Eleazar,586-8792,none
Rubylyn,Elizalde,348-9939,none
Jhun-jhun,Enriquez,068-1653,none
Jhonel,Escudero,830-9632,none
Ming,Escudero,698-4088,none
Jessa,Espina,922-9286,none
Lovely,Espina,671-8179,none
Ricardo,Espina,951-8835,none
Rochelle,Espina,506-4399,none
Ronnie,Espino,626-4678,none
Arnel,Esteban,855-5370,none
Allan,Estrada,517-7471,none
Apolinario,Estrella,299-0535,none
Baby,Estrella,404-9819,none
Michelle,Estrella,651-3115,none
Rhea,Estrella,459-9654,none
Mark,Evangelista,341-2754,none
Gloria,Fabros,823-8450,none
Jinky,Fabros,142-1679,none
Milagros,Fabros,681-9649,none
Odette,Fabros,028-5221,none
Juan,Fajardo,550-4729,none
Kim,Faustino,764-1480,none
Kyla,Faustino,369-2939,none
Charmaine,Feliciano,392-1463,none
Cristina,Feliciano,984-9424,none
Manuel,Feliciano,388-9335,none
Arvin,Fernandez,918-8515,none
Roxanne,Fernandez,816-6636,none
Angelica,Ferrer,554-5675,none
Pao,Ferrer,876-6730,none
Cynthia,Figueroa,688-5085,none
Odette,Figueroa,395-1337,none
Chesca,Flores,355-5234,none
Divine,Flores,390-9370,none
Liwayway,Fortun,059-3946,none
Ferdinand,Franco,196-8625,none
Leni,Franco,258-2525,none
Jhun,Fuentes,051-8700,none
Pearl,Fuentes,261-3331,none
Salve,Fuentes,803-7749,none
Alvin,Gabriel,047-7729,none
Baby,Gabriel,486-1193,none
Bituin,Gabriel,088-7118,none
Cesar,Gabriel,378-4669,none
Eufrocina,Gabriel,543-6751,clue
Arnel,Galang,724-7172,none
Dennis,Galang,672-3951,none
Rosanna,Galang,144-1586,none
Diwata,Galvez,196-3116,none
Rhea,Galvez,985-2616,none
Erap,Garcia,053-7873,none
Nanette,Garcia,966-4040,none
Odette,Gatchalian,765-0266,none
Salve,Gatchalian,037-3131,none
Gerald,Gener,935-7894,none
Mila,Gerona,348-4581,none
Aljon,Geronimo,392-3858,none
Almira,Geronimo,669-5890,none
Lea,Geronimo,839-2848,none
Lovely,Geronimo,209-5147,none
Dranreb,Go,793-4264,none
Gerald,Golez,540-9938,none
Jhun,Golez,405-2144,none
Vivian,Golez,135-5718,none
Ronnie,Gomez,976-5400,none
Zeny,Gomez,820-1353,none
Benigno,Gonzales,386-9911,none
Leizel,Gonzales,504-2390,none
Ranilo,Gonzales,067-3456,none
Luzviminda,Gregorio,845-1276,none
Pearl,Gregorio,184-0427,none
Rovic,Gregorio,313-4118,none
Sergio,Gregorio,047-1218,none
Flordeliza,Guanzon,288-9909,none
Froilan,Guanzon,460-8410,none
Jhoana,Guanzon,343-5238,none
Maria,Guanzon,127-6029,none
Rustan,Guanzon,197-1845,none
Efren,Guevarra,046-0893,none
Leni,Guevarra,605-0920,none
Rodrigo,Guevarra,654-0939,none
Aldous,Guiao,879-2370,none
Joanna,Guiao,660-1380,none
Consolacion,Guico,902-7385,none
Fidel,Guico,085-5077,none
Ronald,Guico,185-9590,none
Juan,Gutierrez,456-2435,none
Rechel,Gutierrez,033-6070,none
Bembol,Habana,506-9789,none
Ma-anne,Habana,389-7639,none
Claudine,Hernandez,527-5491,none
Dolly,Hernandez,694-9717,none
Mabel,Hernandez,345-8967,none
Pau,Hernandez,258-9874,none
Araw,Herrera,418-2948,none
Leni,Herrera,215-7043,none
Ma-anne,Herrera,661-0969,none
Noel,Herrera,078-1479,none
Rustom,Herrera,549-0133,none
Vergel,Herrera,794-3770,none
Vivian,Herrera,643-8209,none
Benigno,Hidalgo,614-5119,none
Elton,Hidalgo,448-7941,none
Juan,Hidalgo,124-9395,none
Laarni,Hidalgo,721-3396,none
Bembol,Hizon,968-6293,none
Eufrocina,Hizon,043-4712,none
Harold,Hizon,897-0613,none
Jerrick,Hizon,081-3814,none
Jhonel,Ignacio,267-5161,none
Roi,Ignacio,851-1133,none
Ariel,Ilagan,206-0717,none
Diosdado,Imperial,425-1406,none
Marites,Imperial,581-3164,none
Reynaldo,Imperial,156-3214,none
Allan,Isip,581-9875,none
Angel,Isip,474-8920,none
Chesca,Jacinto,166-9239,none
Emilio,Jacinto,328-9883,none
Jerome,Jacinto,878-2365,none
Kimberly,Jacinto,871-2580,none
Reyland,Jacinto,281-0998,none
Rica,Jacinto,495-1260,none
Jhonel,Jamir,124-0782,none
Michael,Jocson,840-3728,none
Ming,Joson,267-5892,none
Rosario,Joson,474-4341,none
Ruel,Joson,163-6642,none
Bing,Jover,682-2877,none
Bunso,Jover,407-7842,none
Kaye,Juanico,335-1415,none
Noli,Juanico,738-5314,none
Bogs,Jularbal,058-0821,none
Estelita,Jularbal,882-5231,none
Noli,Jularbal,423-0749,none
Ompong,Jularbal,979-2837,none
Gloria,Kalaw,016-3394,none
Arvin,Kapunan,762-7749,none
Nanette,Kapunan,135-6337,none
Orland,Kapunan,641-7994,none
Pedro,Kapunan,369-1745,none
Tintin,Kapunan,491-5714,none
Raffy,Katindig,298-8044,none
Rustom,Katindig,936-3328,none
Heherson,Lacson,619-7792,none
Jerico,Lacson,254-6819,none
Mariano,Lacson,686-1713,none
Johnrey,Lacuesta,118-6622,none
Jovit,Lacuesta,872-4022,none
Jinggoy,Lagman,385-4592,none
Kimberly,Lansang,122-0126,none
Kyla,Lansang,765-6807,none
Raffy,Lansang,030-4478,clue
Rovic,Lansang,345-6211,none
Bunso,Lantion,096-9141,none
Christopher,Lantion,872-8742,none
Froilan,Lantion,421-8117,none
Ramon,Lantion,285-1137,none
Cynthia,Lao,125-0699,none
Francis,Lao,573-6985,none
Ramon,Lao,988-7052,none
Ferdinand,Lazaro,083-9547,none
Allan,Ledesma,001-6164,none
Divine,Ledesma,291-7444,none
Dennis,Legarda,309-5285,none
Dranreb,Legarda,312-1916,none
Jayvee,Legarda,104-1519,none
Orland,Legarda,029-8098,none
Bonifacio,Leynes,021-9638,none
Kyla,Leynes,823-1886,none
Pau,Leynes,997-3060,none
Reyland,Leynes,847-7430,none
Cherry,Lim,619-9758,none
Elpidio,Lim,734-2907,none
Ricardo,Lim,284-2547,none
Lorna,Liongson,466-3389,none
Fernan,Litonjua,025-7909,none
Ricardo,Litonjua,717-1044,none
Susan,Litonjua,340-9042,none
Christian,Llamas,946-7247,none
Jerome,Llamas,970-8501,none
Donabel,Lontoc,360-7501,none
Rosanna,Lontoc,952-0436,none
Susan,Lontoc,487-1599,none
Benigno,Lopez,229-1124,none
Esperanza,Lopez,317-6421,none
Junjun,Lopez,656-8346,none
Mark,Lopez,006-2972,none
Romeo,Lopez,739-3490,none
Aljon,Lorenzo,305-6389,none
Corazon,Luna,567-1524,none
Dexter,Luna,798-9173,none
Glaiza,Luna,219-3066,none
Johnrey,Luna,273-6502,none
Rodel,Luna,433-6735,none
Kier,Macapagal,882-0783,none
Krystal,Macaraeg,383-7056,none
Ariel,Macatangay,718-8796,none
Ronilo,Macatangay,779-4419,none
Glenda,Madrigal,520-3673,none
Imelda,Madrigal,566-4728,none
Ramon,Madrigal,224-2266,none
Wilhelmina,Madrigal,018-5940,none
Zeny,Madrigal,637-8167,none
Francis,Magbanua,381-4634,none
Irish,Magbanua,441-1146,none
Liwayway,Magbanua,920-0653,none
Princess,Magbanua,116-9238,none
Renz,Magbanua,692-3891,none
Rica,Magno,559-2830,none
Gerlie,Magsaysay,161-4179,none
Ariel,Malabanan,596-9052,none
Rovic,Malabanan,686-8850,none
Clarissa,Malapit,680-2711,none
Christian,Malig,982-6652,clue
Gregorio,Malig,710-2316,none
Reymark,Malonzo,462-1237,none
Edmund,Mamaril,080-9044,none
Glenda,Mamaril,314-4825,none
Ricardo,Mamaril,075-7357,none
Dennis,Manalo,284-7428,none
Gerald,Manalo,002-6396,none
Jonna,Manalo,335-3467,none
Ana,Manansala,800-5883,none
Apolinario,Manansala,699-6990,none
Mabini,Manansala,611-8692,none
Odette,Manansala,459-6184,none
Eufrocina,Manlangit,195-9820,none
Ivan,Manlangit,873-7916,none
Maria,Manlangit,773-2292,none
Nesty,Manlangit,942-2458,none
Vivian,Manlangit,473-9508,none
Cherrie,Manuel,516-7378,none
Mabini,Manuel,012-4781,none
Pablo,Manuel,679-2492,none
Reyland,Marasigan,797-1387,none
Wilma,Marasigan,428-9771,none
Rica,Marcelo,926-9569,none
Heherson,Marcos,302-0894,none
Angelo,Mariano,606-9246,none
Genalyn,Mariano,631-4902,none
Aljon,Marquez,340-6224,none
Angel,Marquez,260-0049,none
Benigno,Marquez,640-5005,none
Christian,Marquez,891-5083,none
Milagros,Marquez,525-0802,none
Orland,Marquez,838-5654,none
Ariel,Masangkay,806-8116,none
Charmaine,Masangkay,882-0693,none
Jake,Masangkay,937-3921,none
Ompong,Masangkay,964-3249,none
Ysabel,Masangkay,834-8897,none
May,Matias,133-6070,none
Roel,Matias,761-7204,none
Vener,Matias,249-2417,none
Baby,Maypa,070-7620,none
Jayson,Maypa,924-0960,none
Bogs,Mejia,745-5559,none
Cynthia,Mejia,527-4558,none
Malaya,Mejia,713-4844,none
Nico,Mejia,374-0741,none
Apolinario,Mendez,875-7408,none
Jenina,Mendez,708-3986,none
Gerlie,Mendoza,497-7886,none
Yolanda,Mendoza,105-0430,none
Pearl,Mercado,793-5543,none
Renz,Mercado,843-9419,none
Emilio,Miranda,940-0971,none
Fernan,Miranda,630-7248,none
Jake,Miranda,513-7726,none
Dennis,Mislang,338-7739,none
Roxanne,Mislang,055-3073,none
Bonifacio,Mojica,417-5421,none
Juliet,Mojica,348-8318,none
Odette,Mojica,718-8998,none
Ramon,Mojica,747-1557,none
Ronald,Mojica,279-3531,none
Rovilson,Mojica,907-9431,none
Ruel,Mojica,063-3388,none
Yolanda,Mojica,467-9239,none
Dolly,Molina,597-5040,none
Christopher,Montano,673-9562,none
Jhonel,Montano,503-0981,none
Jhun,Montano,654-7489,none
Love,Montano,155-6765,none
Alvin,Montemayor,842-8031,none
Junjun,Montemayor,258-1341,none
Reymark,Morales,718-6590,none
Ivan,Munoz,117-8922,none
Jea,Munoz,104-4055,none
Love,Navarro,320-4176,none
Jerome,Nazareno,865-9190,none
Jhanine,Nazareno,671-1494,none
Michael,Nazareno,322-2290,none
Diwata,Nepomuceno,137-4333,none
Ferdie,Nepomuceno,130-0685,none
Jayvee,Nepomuceno,462-3743,none
Vergel,Nepomuceno,179-2116,none
Cynthia,Nicolas,098-6105,none
Divine,Nicolas,983-5934,none
Ompong,Nicolas,190-9598,none
Bogs,Nograles,678-2141,none
Krystal,Nograles,161-7433,none
Vhong,Nograles,660-5427,none
Ferdie,Nolasco,093-3637,none
Jinggoy,Nolasco,603-6560,none
Florendo,Noynay,853-8900,none
Kim,Noynay,127-7679,none
Odette,Noynay,921-8479,none
Florendo,Ocampo,425-7933,none
Juan,Ocampo,079-4681,none
Loida,Ocampo,034-9495,none
Manuel,Ocampo,342-7055,none
Cherrie,Olivar,967-5661,none
Lualhati,Olivar,627-8270,none
Jea,Oliveros,455-3868,none
Nova,Oliveros,781-1259,none
Archie,Ong,612-0797,none
Jenina,Ong,383-6408,none
Lito,Ong,617-6981,none
Rodel,Orbeta,570-9088,none
Rustom,Orbeta,630-0086,none
Artemio,Orosa,930-9366,none
Cherrie,Orosa,477-8476,none
Orland,Orosa,930-7253,none
Sergio,Orosa,265-4050,none
Cherrie,Ortega,176-7292,none
Lualhati,Ortega,278-3827,none
Roxanne,Ortega,038-0932,none
Ariel,Osmena,090-5153,none
Donita,Osmena,626-9975,none
Edmund,Osmena,377-4295,none
Jose,Osmena,292-6930,none
Krystal,Osmena,517-9919,none
Laarni,Osmena,074-0981,none
Noel,Osmena,973-7996,none
Rhea,Osmena,349-2578,none
Edgardo,Pacheco,136-7612,none
Joel,Pacheco,865-4949,none
Onyok,Pacheco,955-5272,none
Romeo,Pacheco,000-7009,none
Allan,Padilla,636-9224,none
Gina,Padilla,579-8115,none
Lea,Padilla,323-1188,none
Leizel,Padilla,658-0510,none
Virgie,Padilla,989-3944,none
Joanna,Pagcaliwagan,354-2541,none
Emilio,Palad,186-0823,none
Genalyn,Palad,388-4422,target
Junjun,Palad,255-1235,none
Romeo,Palad,787-4616,none
Jinggoy,Palanca,583-9999,none
Jea,Palma,716-4198,none
Jhun-jhun,Palma,125-4382,none
Ma-anne,Palma,452-7244,none
Rosanna,Palma,321-6660,none
Susan,Palma,446-9707,none
Gerald,Pamintuan,941-2091,none
Noel,Pamintuan,822-9038,none
Cristina,Panaligan,356-6690,none
Kenneth,Panaligan,490-7216,none
Susan,Pangan,249-7483,none
Elvis,Pascual,156-7454,none
Erwin,Pascual,331-4064,none
Johnrey,Pascual,116-1070,none
Bogs,Pastor,867-6580,none
Dranreb,Pastor,936-3974,none
Ivy,Pastor,321-2910,none
Jea,Pastor,213-5455,none
Jonalyn,Pastor,219-3310,none
Leizel,Pelaez,250-6653,none
Allan,Pena,139-3196,none
Marlon,Pena,196-3711,none
Roel,Pena,029-6371,none
Harold,Peralta,650-8804,none
Jeddah,Peralta,224-4471,none
Jonalyn,Perez,989-8037,none
Ronilo,Perez,171-1354,none
Ranilo,Pineda,075-9453,none
Rosanna,Pineda,233-5829,none
Jhonel,Pizarro,026-5912,none
Leni,Pizarro,118-1592,none
Wilhelmina,Pizarro,093-0771,none
Jhun,Polintan,395-1847,none
Chesca,Portugal,466-8368,none
Diosdado,Portugal,144-5425,none
Yolanda,Portugal,477-1615,none
Fidel,Prado,955-4781,none
Jhun-jhun,Prado,653-9730,none
Jinky,Prado,563-5530,none
Kyla,Prado,421-9022,none
Rustan,Prado,900-5055,none
Christian,Prieto,763-5666,none
Ranilo,Prieto,041-0742,none
Cynthia,Quezon,656-2762,none
Erwin,Quezon,296-3836,none
Pablo,Quezon,540-6859,none
Rosario,Quezon,226-0710,none
Sherilyn,Quezon,941-8701,none
Claudine,Quiambao,661-2827,none
Jose,Quiambao,500-4114,none
Cesar,Quimson,663-5590,none
Dennis,Quimson,789-8843,none
Lea,Quimson,316-6691,none
Marites,Quimson,848-8351,none
Michelle,Quimson,075-5085,none
Jerrick,Quinto,002-0721,none
Chesca,Quirino,648-1868,none
Christian,Quirino,943-3329,none
Jayson,Quirino,484-2780,none
Jenina,Quirino,764-8499,none
Neneng,Rabago,607-1786,none
Nesty,Rabago,820-2621,none
Josefa,Ragasa,921-1560,none
Ritchie,Ragasa,335-1421,none
Jinggoy,Ramirez,178-9042,none
Jamila,Ramos,621-8348,none
Salve,Ramos,467-2440,none
Vhong,Ramos,396-9202,none
Juliet,Ranada,496-3919,none
Bogart,Rebong,034-1217,none
Claudine,Rebong,998-5908,none
Joyce,Rebong,065-4308,none
Pablo,Rebong,326-6821,none
Roi,Rebong,535-9991,none
Carmen,Recto,557-8312,none
Christopher,Recto,457-8653,none
Dennis,Recto,932-7486,none
Tessie,Recto,683-5053,none
Charmaine,Regala,910-0197,none
Dakila,Regala,941-0697,none
Cristina,Reodica,220-6163,none
Erap,Reodica,375-6521,none
Nico,Reodica,513-4465,none
Cesar,Resurreccion,784-2060,none
Melchor,Resurreccion,438-6071,none
Orland,Resurreccion,720-3770,none
Rigor,Resurreccion,388-3762,none
Rowena,Resurreccion,350-8950,none
Bonifacio,Reyes,407-3568,none
Girlie,Reyes,746-4010,none
Jhanine,Reyes,244-5070,none
Josefa,Reyes,835-0916,none
Dexter,Reynes,191-5993,none
Drexler,Reynes,366-3401,none
Flordeliza,Reynes,334-6401,none
Juan,Reynes,293-0280,none
Gwyneth,Rigor,484-3948,none
Jhoana,Rigor,138-6367,none
Rhea,Rigor,765-8947,none
Ryzza,Rigor,821-3578,none
Elpidio,Rivera,256-2858,none
Jhanine,Rivera,222-0924,none
Vicky,Rivera,505-7172,none
Trinidad,Rizal,316-2876,none
Jovit,Robles,843-6010,none
Justine,Robles,577-0539,none
Shiela,Robles,800-7940,none
Grace,Roces,300-5262,none
Ferdinand,Rodriguez,962-9975,none
Realyn,Rodriguez,853-0006,none
Ritchie,Rodriguez,456-2607,none
Aldrin,Rojas,951-2587,none
Rigor,Rojas,338-5764,none
Ronald,Rojas,100-0828,none
Amboy,Roldan,417-1527,none
Onyok,Roldan,487-0919,none
Ronald,Roldan,722-7007,none
Jocelyn,Romero,615-9830,none
Joel,Romero,881-0188,none
Nova,Romero,956-1680,none
Salve,Romero,543-5632,none
Vivian,Romero,020-6397,none
Elpidio,Rosales,061-9608,none
Glaiza,Rosales,170-8022,none
Juliet,Rosales,010-8464,none
Tintin,Rosales,776-3937,none
Junjun,Rosario,305-3684,none
Mark,Rosario,961-5990,none
Raffy,Rosario,374-1479,none
Reynaldo,Rosario,542-2196,none
Bituin,Roxas,473-5049,none
Loida,Roxas,385-5381,none
Vicky,Roxas,853-5802,none
Janice,Ruiz,332-7837,none
Joy,Ruiz,712-4450,none
Pao,Ruiz,517-8109,none
Ysabel,Ruiz,108-5228,none
Esperanza,Sabado,971-3084,none
Kristine,Sabado,803-4979,none
Marites,Sabado,042-0464,none
Rubylyn,Sabado,778-9494,none
Allan,Sabalvaro,885-0803,none
Drexler,Sabalvaro,801-0672,none
Elpidio,Sabalvaro,872-7951,none
Estelita,Sabalvaro,673-6566,none
May,Sabalvaro,514-5269,none
Rowena,Sabalvaro,249-3700,none
Jhun-jhun,Saguisag,854-6375,none
Pao,Saguisag,033-9913,none
Precious,Saguisag,033-2983,none
Jhun-jhun,Salcedo,426-3068,none
Jinggoy,Salcedo,533-2778,none
Dexter,Salonga,690-1889,none
Andres,Salvador,389-7814,none
Erap,Salvador,392-6931,none
Jeddah,Salvador,866-6363,none
Love,Salvador,439-9394,none
Ming,Salvador,302-4837,none
Esperanza,Samonte,647-4402,clue
Luzviminda,Samonte,612-5253,none
Malaya,Samonte,738-5123,none
Pau,Samonte,194-4173,none
Diwata,San Diego,026-5111,none
Jea,San Diego,074-0742,none
Joanna,San Diego,608-0651,none
Diosdado,San Juan,752-5447,none
Gloria,San Juan,985-4349,none
Malaya,San Juan,002-1526,none
Jayvee,San Pedro,361-0797,none
Leizel,San Pedro,740-9386,none
Shiela,San Pedro,410-8755,none
Vergel,San Pedro,146-3804,none
Jopay,Sanchez,438-9560,none
Ming,Sanchez,238-2615,none
Janice,Sandoval,221-3817,none
Rhea,Sandoval,760-2531,none
Jessa,Sangalang,225-0117,none
Laarni,Sangalang,439-5003,none
Consolacion,Santiago,432-0520,none
Noel,Santiago,995-8083,none
Cherry,Santillan,707-3978,none
Ivy,Santillan,558-2947,none
Rosanna,Santillan,439-6370,none
Elpidio,Santo Domingo,725-1388,none
Liwayway,Santo Domingo,766-9325,none
Vener,Santo Domingo,631-3203,none
Angelo,Santos,485-4350,none
Justine,Santos,551-2758,none
Love,Santos,397-6431,none
Luzviminda,Santos,224-0480,none
Pablo,Santos,479-8669,none
Ricardo,Santos,065-6304,none
Aiza,Sarmiento,331-8005,none
Christopher,Sarmiento,040-7078,none
Jhanine,Sebastian,224-0326,none
Virgie,Sebastian,027-9195,none
Mabel,Serrano,256-0423,none
Reynaldo,Sevilla,610-3697,none
Roel,Sevilla,523-1894,none
Angelo,Sibayan,951-4381,none
Ma-anne,Sibayan,151-1076,none
Allan,Sicat,665-2688,none
Glenda,Sicat,876-6643,none
Malaya,Sicat,226-1035,none
Ronilo,Sicat,291-7355,none
Elpidio,Silang,905-1412,none
Leizel,Silang,826-8666,none
Lualhati,Silang,226-9265,none
Archie,Silva,634-4026,none
Noel,Silva,226-3590,none
Gerald,Simbulan,142-3385,none
Glenda,Simbulan,582-4930,none
Ariel,Solano,070-3846,none
Reynaldo,Solano,654-0496,none
Angelica,Solis,905-9198,none
Pablo,Solis,699-3945,none
Rechel,Solis,767-2532,none
Rosanna,Solis,054-5882,none
Justine,Sotto,696-1946,none
Maria,Sotto,321-2041,none
Mark,Sotto,709-6512,none
Glenda,Suarez,695-6999,none
Janice,Suarez,216-4335,none
Darlene,Sumagaysay,661-0645,none
Krystal,Sumagaysay,633-5925,none
Mabel,Sumagaysay,323-2473,none
Vergel,Sumagaysay,558-4745,none
Jocelyn,Sunga,821-8907,none
Ambrosio,Suson,527-9421,none
Benigno,Suson,662-5482,none
Shiela,Suson,186-2209,none
Gerlie,Tabora,906-1453,none
Roel,Tabora,833-8056,none
Rowel,Tabora,680-5869,none
Elpidio,Tagle,268-2647,none
Jerome,Tagle,238-0860,none
Pablo,Tagle,962-6086,none
Roxanne,Tagle,260-7529,none
Clarissa,Talampas,549-8808,none
Dranreb,Talampas,938-4833,none
Laarni,Talampas,519-9977,none
Lea,Talampas,985-6951,none
Emilio,Tamayo,746-6887,none
Josefa,Tamayo,348-1827,none
Mark,Tan,179-7612,none
Queenie,Tan,469-2340,none
Cynthia,Tanchico,686-6937,none
Ivan,Tanchico,454-2110,none
Jhoana,Tanchico,375-5933,none
Sergio,Tanchico,728-8041,none
Jerome,Tangco,152-4352,none
Maria,Tangco,080-7369,none
Love,Tanjuatco,285-4089,none
Tessie,Tanjuatco,324-2854,none
Corazon,Tantoco,587-3804,none
Jose,Tantoco,215-9373,none
Sherilyn,Tantoco,204-4706,none
Elvis,Tapia,880-5697,none
Rechel,Tapia,957-7793,none
Cynthia,Teodoro,369-4102,none
Juliet,Teodoro,129-2174,none
Reymark,Teodoro,101-8017,none
Angel,Tolentino,405-4497,none
Elmer,Tolentino,486-9007,none
Araw,Torres,429-0256,none
Arman,Torres,344-2147,none
Dolly,Torres,887-0422,none
Estelita,Torres,533-3621,none
Ronald,Torres,434-7957,none
Cristina,Trillana,217-9783,none
Kim,Trillana,967-6561,none
Lea,Trillana,106-2200,none
Lito,Trillana,595-6046,none
Mila,Trinidad,963-6929,none
Allan,Umali,836-9086,none
Jomar,Umali,009-7622,none
Junjun,Uy,497-3510,none
Marites,Uy,695-6624,none
Ranilo,Uy,097-3027,none
Renz,Uy,884-4065,none
Cherry,Valderrama,652-6655,none
Elmer,Valderrama,719-8624,none
Janine,Valderrama,273-1169,none
Jopay,Valderrama,883-8019,none
Manuel,Valderrama,125-6730,none
Andres,Valdez,841-4415,none
Claudine,Valdez,137-5131,none
Glaiza,Valdez,722-4873,none
Remedios,Valdez,511-2280,none
Bembol,Valenzuela,083-4458,none
Carmen,Valenzuela,882-3853,none
Diwata,Valenzuela,239-7724,none
Diwata,Vargas,819-2692,none
Joanna,Vargas,402-8019,none
Kim,Vargas,559-2588,none
Mila,Vargas,790-4331,none
Fidel,Vasquez,460-6077,none
Joel,Vasquez,773-2240,none
Ramon,Vasquez,863-8785,none
Rubylyn,Vasquez,602-8199,none
Dennis,Vega,789-2252,none
Ferdie,Vega,248-0517,none
Joanna,Vega,772-9761,none
Rosa,Vega,946-9248,none
Zeny,Vega,455-0152,none
Consolacion,Velasco,990-5236,none
Donabel,Velasco,906-8797,none
Marvin,Velasco,780-0793,none
Jeddah,Velasquez,332-0916,none
Lea,Velasquez,847-1320,none
Remedios,Velasquez,503-6809,none
Charmaine,Velez,239-4334,none
Nova,Velez,645-1376,none
Ritchie,Velez,110-8032,none
Jaica,Vergara,931-2161,none
Rosanna,Vergara,608-7699,none
Gerlie,Vicencio,454-5759,none
Kenneth,Vicencio,027-4942,none
Vergel,Vidal,509-6018,none
Vivian,Vidal,428-8907,none
Pao,Vigilia,156-3505,none
Ricardo,Vigilia,135-7826,none
Allan,Villafuerte,351-1975,none
Dexter,Villafuerte,791-4941,none
Ryzza,Villafuerte,851-2273,none
Heherson,Villamor,244-9368,none
Kristine,Villamor,966-2068,none
Lualhati,Villamor,367-9692,none
Vilma,Villamor,690-7054,none
Leni,Villanueva,412-4460,none
Princess,Villanueva,851-5345,none
Reyland,Villanueva,917-6102,none
Rubylyn,Villanueva,309-6689,none
Allan,Villar,175-1354,none
Kaye,Villar,880-7438,none
Aldrin,Villareal,219-3371,none
Antonio,Villareal,717-5761,none
Honeylet,Villareal,071-0750,none
Junjun,Villareal,828-1025,none
Mabel,Villareal,299-4740,none
Vilma,Villareal,788-5095,none
Bogs,Villaruel,141-8498,none
Wilhelmina,Villaruel,279-6807,none
Arvin,Villegas,446-0027,none
Charmaine,Villegas,646-0964,none
Rowena,Villegas,156-7135,none
Tintin,Villegas,576-4911,none
Jhun,Viray,162-5091,none
Melchor,Viray,066-9011,none
Michael,Viray,624-7015,none
Realyn,Viray,655-6843,none
Esperanza,Vitug,286-1524,none
Estelita,Vitug,840-6525,none
Darwin,Yabut,665-5493,none
Ivy,Yabut,319-6537,none
Joanna,Yabut,075-1344,none
Bonifacio,Yambao,794-7498,none
Ivan,Yambao,665-8928,none
Imelda,Yap,713-6291,none
Janine,Yap,351-3335,none
Jhun-jhun,Yap,147-4772,none
Jonalyn,Yap,190-0230,none
Artemio,Ybanez,451-8951,none
Aldous,Yulo,896-4315,none
Amboy,Yulo,147-6717,none
Gerald,Yulo,448-0715,none
Jerrick,Yulo,052-9560,none
Roi,Yulo,713-7412,none
Zaldy,Yulo,265-2735,none
Elton,Zamora,957-9355,none
Juliet,Zamora,603-8595,none
Rodelyn,Zamora,404-8128,none
Angelo,Zapanta,472-3434,none
Elmer,Zapanta,228-0056,none
Michael,Zapanta,981-2419,none
Donita,Zaragoza,145-5707,none
May,Zaragoza,805-5139,none
Roel,Zaragoza,976-3909,none
Rustan,Zaragoza,055-1612,none
Nesty,Zobel,134-1476,none
Glenn,Zulueta,534-4425,none
Irish,Zulueta,922-8954,none
,,8080,special
,,911,special
,,4627,special
,,143,special
,,9999,special